{
  "tests": [
    {
      "name": "Test1",
      "setup": "sudo -H pip3 install pytest",
      "run": "pytest coinChange_test1.py",
      "input": "",
      "output": "",
      "comparison": "included",
      "timeout": 10,
      "points": 34
    },
    {
      "name": "Test2",
      "setup": "sudo -H pip3 install pytest",
      "run": "pytest coinChange_test2.py",
      "input": "",
      "output": "",
      "comparison": "included",
      "timeout": 10,
      "points": 33
    },
    {
      "name": "Test3",
      "setup": "sudo -H pip3 install pytest",
      "run": "pytest coinChange_test3.py",
      "input": "",
      "output": "",
      "comparison": "included",
      "timeout": 10,
      "points": 33
    }
  ]
}